,drop,replacement,scaling,selection,model,precision,recall,f1,accuracy,auc_roc,tn,fp,fn,tp,params,pipeline,samplers,kus
0,FunctionTransformer(),SimpleImputer(),StandardScaler(),FunctionTransformer(),MLPClassifier(),0.6161242603550295,0.5012033694344163,0.5527538155275381,0.7456603773584906,0.6792712833978019,3119,519,829,833,"{'memory': None, 'steps': [('drop', FunctionTransformer()), ('replacement', SimpleImputer()), ('scaling', StandardScaler()), ('selection', FunctionTransformer()), ('model', MLPClassifier())], 'verbose': False, 'drop': FunctionTransformer(), 'replacement': SimpleImputer(), 'scaling': StandardScaler(), 'selection': FunctionTransformer(), 'model': MLPClassifier(), 'drop__accept_sparse': False, 'drop__check_inverse': True, 'drop__feature_names_out': None, 'drop__func': None, 'drop__inv_kw_args': None, 'drop__inverse_func': None, 'drop__kw_args': None, 'drop__validate': False, 'replacement__add_indicator': False, 'replacement__copy': True, 'replacement__fill_value': None, 'replacement__missing_values': nan, 'replacement__strategy': 'mean', 'replacement__verbose': 'deprecated', 'scaling__copy': True, 'scaling__with_mean': True, 'scaling__with_std': True, 'selection__accept_sparse': False, 'selection__check_inverse': True, 'selection__feature_names_out': None, 'selection__func': None, 'selection__inv_kw_args': None, 'selection__inverse_func': None, 'selection__kw_args': None, 'selection__validate': False, 'model__activation': 'relu', 'model__alpha': 0.0001, 'model__batch_size': 'auto', 'model__beta_1': 0.9, 'model__beta_2': 0.999, 'model__early_stopping': False, 'model__epsilon': 1e-08, 'model__hidden_layer_sizes': (100,), 'model__learning_rate': 'constant', 'model__learning_rate_init': 0.001, 'model__max_fun': 15000, 'model__max_iter': 200, 'model__momentum': 0.9, 'model__n_iter_no_change': 10, 'model__nesterovs_momentum': True, 'model__power_t': 0.5, 'model__random_state': None, 'model__shuffle': True, 'model__solver': 'adam', 'model__tol': 0.0001, 'model__validation_fraction': 0.1, 'model__verbose': False, 'model__warm_start': False}",noSampling,,
1,FunctionTransformer(),SimpleImputer(),MinMaxScaler(),FunctionTransformer(),MLPClassifier(),0.6094420600858369,0.42719614921780985,0.5022992571630703,0.7345283018867924,0.6510637150706972,3183,455,952,710,"{'memory': None, 'steps': [('drop', FunctionTransformer()), ('replacement', SimpleImputer()), ('scaling', MinMaxScaler()), ('selection', FunctionTransformer()), ('model', MLPClassifier())], 'verbose': False, 'drop': FunctionTransformer(), 'replacement': SimpleImputer(), 'scaling': MinMaxScaler(), 'selection': FunctionTransformer(), 'model': MLPClassifier(), 'drop__accept_sparse': False, 'drop__check_inverse': True, 'drop__feature_names_out': None, 'drop__func': None, 'drop__inv_kw_args': None, 'drop__inverse_func': None, 'drop__kw_args': None, 'drop__validate': False, 'replacement__add_indicator': False, 'replacement__copy': True, 'replacement__fill_value': None, 'replacement__missing_values': nan, 'replacement__strategy': 'mean', 'replacement__verbose': 'deprecated', 'scaling__clip': False, 'scaling__copy': True, 'scaling__feature_range': (0, 1), 'selection__accept_sparse': False, 'selection__check_inverse': True, 'selection__feature_names_out': None, 'selection__func': None, 'selection__inv_kw_args': None, 'selection__inverse_func': None, 'selection__kw_args': None, 'selection__validate': False, 'model__activation': 'relu', 'model__alpha': 0.0001, 'model__batch_size': 'auto', 'model__beta_1': 0.9, 'model__beta_2': 0.999, 'model__early_stopping': False, 'model__epsilon': 1e-08, 'model__hidden_layer_sizes': (100,), 'model__learning_rate': 'constant', 'model__learning_rate_init': 0.001, 'model__max_fun': 15000, 'model__max_iter': 200, 'model__momentum': 0.9, 'model__n_iter_no_change': 10, 'model__nesterovs_momentum': True, 'model__power_t': 0.5, 'model__random_state': None, 'model__shuffle': True, 'model__solver': 'adam', 'model__tol': 0.0001, 'model__validation_fraction': 0.1, 'model__verbose': False, 'model__warm_start': False}",noSampling,,
2,FunctionTransformer(),SimpleImputer(),StandardScaler(),FunctionTransformer(),KNeighborsClassifier(),0.7066473988439307,0.5884476534296029,0.6421536441234407,0.7943396226415095,0.7384239366653237,3232,406,684,978,"{'memory': None, 'steps': [('drop', FunctionTransformer()), ('replacement', SimpleImputer()), ('scaling', StandardScaler()), ('selection', FunctionTransformer()), ('model', KNeighborsClassifier())], 'verbose': False, 'drop': FunctionTransformer(), 'replacement': SimpleImputer(), 'scaling': StandardScaler(), 'selection': FunctionTransformer(), 'model': KNeighborsClassifier(), 'drop__accept_sparse': False, 'drop__check_inverse': True, 'drop__feature_names_out': None, 'drop__func': None, 'drop__inv_kw_args': None, 'drop__inverse_func': None, 'drop__kw_args': None, 'drop__validate': False, 'replacement__add_indicator': False, 'replacement__copy': True, 'replacement__fill_value': None, 'replacement__missing_values': nan, 'replacement__strategy': 'mean', 'replacement__verbose': 'deprecated', 'scaling__copy': True, 'scaling__with_mean': True, 'scaling__with_std': True, 'selection__accept_sparse': False, 'selection__check_inverse': True, 'selection__feature_names_out': None, 'selection__func': None, 'selection__inv_kw_args': None, 'selection__inverse_func': None, 'selection__kw_args': None, 'selection__validate': False, 'model__algorithm': 'auto', 'model__leaf_size': 30, 'model__metric': 'minkowski', 'model__metric_params': None, 'model__n_jobs': None, 'model__n_neighbors': 5, 'model__p': 2, 'model__weights': 'uniform'}",noSampling,,
3,FunctionTransformer(),SimpleImputer(),MinMaxScaler(),FunctionTransformer(),KNeighborsClassifier(),0.7131445170660857,0.5908543922984356,0.6462652188219808,0.7971698113207547,0.7411391257808836,3243,395,680,982,"{'memory': None, 'steps': [('drop', FunctionTransformer()), ('replacement', SimpleImputer()), ('scaling', MinMaxScaler()), ('selection', FunctionTransformer()), ('model', KNeighborsClassifier())], 'verbose': False, 'drop': FunctionTransformer(), 'replacement': SimpleImputer(), 'scaling': MinMaxScaler(), 'selection': FunctionTransformer(), 'model': KNeighborsClassifier(), 'drop__accept_sparse': False, 'drop__check_inverse': True, 'drop__feature_names_out': None, 'drop__func': None, 'drop__inv_kw_args': None, 'drop__inverse_func': None, 'drop__kw_args': None, 'drop__validate': False, 'replacement__add_indicator': False, 'replacement__copy': True, 'replacement__fill_value': None, 'replacement__missing_values': nan, 'replacement__strategy': 'mean', 'replacement__verbose': 'deprecated', 'scaling__clip': False, 'scaling__copy': True, 'scaling__feature_range': (0, 1), 'selection__accept_sparse': False, 'selection__check_inverse': True, 'selection__feature_names_out': None, 'selection__func': None, 'selection__inv_kw_args': None, 'selection__inverse_func': None, 'selection__kw_args': None, 'selection__validate': False, 'model__algorithm': 'auto', 'model__leaf_size': 30, 'model__metric': 'minkowski', 'model__metric_params': None, 'model__n_jobs': None, 'model__n_neighbors': 5, 'model__p': 2, 'model__weights': 'uniform'}",noSampling,,
4,FunctionTransformer(),SimpleImputer(),StandardScaler(),FunctionTransformer(),LogisticRegression(),0.5800865800865801,0.40312876052948254,0.47568335108271215,0.7213207547169811,0.6349068761415968,3153,485,992,670,"{'memory': None, 'steps': [('drop', FunctionTransformer()), ('replacement', SimpleImputer()), ('scaling', StandardScaler()), ('selection', FunctionTransformer()), ('model', LogisticRegression())], 'verbose': False, 'drop': FunctionTransformer(), 'replacement': SimpleImputer(), 'scaling': StandardScaler(), 'selection': FunctionTransformer(), 'model': LogisticRegression(), 'drop__accept_sparse': False, 'drop__check_inverse': True, 'drop__feature_names_out': None, 'drop__func': None, 'drop__inv_kw_args': None, 'drop__inverse_func': None, 'drop__kw_args': None, 'drop__validate': False, 'replacement__add_indicator': False, 'replacement__copy': True, 'replacement__fill_value': None, 'replacement__missing_values': nan, 'replacement__strategy': 'mean', 'replacement__verbose': 'deprecated', 'scaling__copy': True, 'scaling__with_mean': True, 'scaling__with_std': True, 'selection__accept_sparse': False, 'selection__check_inverse': True, 'selection__feature_names_out': None, 'selection__func': None, 'selection__inv_kw_args': None, 'selection__inverse_func': None, 'selection__kw_args': None, 'selection__validate': False, 'model__C': 1.0, 'model__class_weight': None, 'model__dual': False, 'model__fit_intercept': True, 'model__intercept_scaling': 1, 'model__l1_ratio': None, 'model__max_iter': 100, 'model__multi_class': 'auto', 'model__n_jobs': None, 'model__penalty': 'l2', 'model__random_state': None, 'model__solver': 'lbfgs', 'model__tol': 0.0001, 'model__verbose': 0, 'model__warm_start': False}",noSampling,,
5,FunctionTransformer(),SimpleImputer(),MinMaxScaler(),FunctionTransformer(),MLPClassifier(),0.4932506384531193,0.8134777376654633,0.6141267317737906,0.679433962264151,0.7158372745501588,2249,1389,310,1352,"{'memory': None, 'steps': [('drop', FunctionTransformer()), ('replacement', SimpleImputer()), ('scaling', MinMaxScaler()), ('selection', FunctionTransformer()), ('samplers', SMOTEENN()), ('model', MLPClassifier())], 'verbose': False, 'drop': FunctionTransformer(), 'replacement': SimpleImputer(), 'scaling': MinMaxScaler(), 'selection': FunctionTransformer(), 'samplers': SMOTEENN(), 'model': MLPClassifier(), 'drop__accept_sparse': False, 'drop__check_inverse': True, 'drop__feature_names_out': None, 'drop__func': None, 'drop__inv_kw_args': None, 'drop__inverse_func': None, 'drop__kw_args': None, 'drop__validate': False, 'replacement__add_indicator': False, 'replacement__copy': True, 'replacement__fill_value': None, 'replacement__missing_values': nan, 'replacement__strategy': 'mean', 'replacement__verbose': 'deprecated', 'scaling__clip': False, 'scaling__copy': True, 'scaling__feature_range': (0, 1), 'selection__accept_sparse': False, 'selection__check_inverse': True, 'selection__feature_names_out': None, 'selection__func': None, 'selection__inv_kw_args': None, 'selection__inverse_func': None, 'selection__kw_args': None, 'selection__validate': False, 'samplers__enn': None, 'samplers__n_jobs': None, 'samplers__random_state': None, 'samplers__sampling_strategy': 'auto', 'samplers__smote': None, 'model__activation': 'relu', 'model__alpha': 0.0001, 'model__batch_size': 'auto', 'model__beta_1': 0.9, 'model__beta_2': 0.999, 'model__early_stopping': False, 'model__epsilon': 1e-08, 'model__hidden_layer_sizes': (100,), 'model__learning_rate': 'constant', 'model__learning_rate_init': 0.001, 'model__max_fun': 15000, 'model__max_iter': 200, 'model__momentum': 0.9, 'model__n_iter_no_change': 10, 'model__nesterovs_momentum': True, 'model__power_t': 0.5, 'model__random_state': None, 'model__shuffle': True, 'model__solver': 'adam', 'model__tol': 0.0001, 'model__validation_fraction': 0.1, 'model__verbose': False, 'model__warm_start': False}",withSampling,SMOTEENN(),
6,FunctionTransformer(),SimpleImputer(),StandardScaler(),FunctionTransformer(),LogisticRegression(),0.49806351665375675,0.7737665463297232,0.6060320452403393,0.6845283018867925,0.7087634270955927,2342,1296,376,1286,"{'memory': None, 'steps': [('drop', FunctionTransformer()), ('replacement', SimpleImputer()), ('scaling', StandardScaler()), ('selection', FunctionTransformer()), ('samplers', SMOTEENN()), ('model', LogisticRegression())], 'verbose': False, 'drop': FunctionTransformer(), 'replacement': SimpleImputer(), 'scaling': StandardScaler(), 'selection': FunctionTransformer(), 'samplers': SMOTEENN(), 'model': LogisticRegression(), 'drop__accept_sparse': False, 'drop__check_inverse': True, 'drop__feature_names_out': None, 'drop__func': None, 'drop__inv_kw_args': None, 'drop__inverse_func': None, 'drop__kw_args': None, 'drop__validate': False, 'replacement__add_indicator': False, 'replacement__copy': True, 'replacement__fill_value': None, 'replacement__missing_values': nan, 'replacement__strategy': 'mean', 'replacement__verbose': 'deprecated', 'scaling__copy': True, 'scaling__with_mean': True, 'scaling__with_std': True, 'selection__accept_sparse': False, 'selection__check_inverse': True, 'selection__feature_names_out': None, 'selection__func': None, 'selection__inv_kw_args': None, 'selection__inverse_func': None, 'selection__kw_args': None, 'selection__validate': False, 'samplers__enn': None, 'samplers__n_jobs': None, 'samplers__random_state': None, 'samplers__sampling_strategy': 'auto', 'samplers__smote': None, 'model__C': 1.0, 'model__class_weight': None, 'model__dual': False, 'model__fit_intercept': True, 'model__intercept_scaling': 1, 'model__l1_ratio': None, 'model__max_iter': 100, 'model__multi_class': 'auto', 'model__n_jobs': None, 'model__penalty': 'l2', 'model__random_state': None, 'model__solver': 'lbfgs', 'model__tol': 0.0001, 'model__verbose': 0, 'model__warm_start': False}",withSampling,SMOTEENN(),
7,FunctionTransformer(),SimpleImputer(),MinMaxScaler(),FunctionTransformer(),LinearSVC(),0.5003840245775729,0.7839951865222623,0.6108766994842943,0.6867924528301886,0.7131905564277061,2337,1301,359,1303,"{'memory': None, 'steps': [('drop', FunctionTransformer()), ('replacement', SimpleImputer()), ('scaling', MinMaxScaler()), ('selection', FunctionTransformer()), ('samplers', SMOTEENN()), ('model', LinearSVC())], 'verbose': False, 'drop': FunctionTransformer(), 'replacement': SimpleImputer(), 'scaling': MinMaxScaler(), 'selection': FunctionTransformer(), 'samplers': SMOTEENN(), 'model': LinearSVC(), 'drop__accept_sparse': False, 'drop__check_inverse': True, 'drop__feature_names_out': None, 'drop__func': None, 'drop__inv_kw_args': None, 'drop__inverse_func': None, 'drop__kw_args': None, 'drop__validate': False, 'replacement__add_indicator': False, 'replacement__copy': True, 'replacement__fill_value': None, 'replacement__missing_values': nan, 'replacement__strategy': 'mean', 'replacement__verbose': 'deprecated', 'scaling__clip': False, 'scaling__copy': True, 'scaling__feature_range': (0, 1), 'selection__accept_sparse': False, 'selection__check_inverse': True, 'selection__feature_names_out': None, 'selection__func': None, 'selection__inv_kw_args': None, 'selection__inverse_func': None, 'selection__kw_args': None, 'selection__validate': False, 'samplers__enn': None, 'samplers__n_jobs': None, 'samplers__random_state': None, 'samplers__sampling_strategy': 'auto', 'samplers__smote': None, 'model__C': 1.0, 'model__class_weight': None, 'model__dual': True, 'model__fit_intercept': True, 'model__intercept_scaling': 1, 'model__loss': 'squared_hinge', 'model__max_iter': 1000, 'model__multi_class': 'ovr', 'model__penalty': 'l2', 'model__random_state': None, 'model__tol': 0.0001, 'model__verbose': 0}",withSampling,SMOTEENN(),
8,FunctionTransformer(),SimpleImputer(),StandardScaler(),FunctionTransformer(),LinearSVC(),0.5009686168151879,0.7779783393501805,0.6094744284704219,0.6873584905660377,0.7119688288284712,2350,1288,369,1293,"{'memory': None, 'steps': [('drop', FunctionTransformer()), ('replacement', SimpleImputer()), ('scaling', StandardScaler()), ('selection', FunctionTransformer()), ('samplers', SMOTEENN()), ('model', LinearSVC())], 'verbose': False, 'drop': FunctionTransformer(), 'replacement': SimpleImputer(), 'scaling': StandardScaler(), 'selection': FunctionTransformer(), 'samplers': SMOTEENN(), 'model': LinearSVC(), 'drop__accept_sparse': False, 'drop__check_inverse': True, 'drop__feature_names_out': None, 'drop__func': None, 'drop__inv_kw_args': None, 'drop__inverse_func': None, 'drop__kw_args': None, 'drop__validate': False, 'replacement__add_indicator': False, 'replacement__copy': True, 'replacement__fill_value': None, 'replacement__missing_values': nan, 'replacement__strategy': 'mean', 'replacement__verbose': 'deprecated', 'scaling__copy': True, 'scaling__with_mean': True, 'scaling__with_std': True, 'selection__accept_sparse': False, 'selection__check_inverse': True, 'selection__feature_names_out': None, 'selection__func': None, 'selection__inv_kw_args': None, 'selection__inverse_func': None, 'selection__kw_args': None, 'selection__validate': False, 'samplers__enn': None, 'samplers__n_jobs': None, 'samplers__random_state': None, 'samplers__sampling_strategy': 'auto', 'samplers__smote': None, 'model__C': 1.0, 'model__class_weight': None, 'model__dual': True, 'model__fit_intercept': True, 'model__intercept_scaling': 1, 'model__loss': 'squared_hinge', 'model__max_iter': 1000, 'model__multi_class': 'ovr', 'model__penalty': 'l2', 'model__random_state': None, 'model__tol': 0.0001, 'model__verbose': 0}",withSampling,SMOTEENN(),
9,FunctionTransformer(),SimpleImputer(),StandardScaler(),FunctionTransformer(),MLPClassifier(),0.5099236641221374,0.8038507821901324,0.624007473143391,0.6962264150943396,0.725454802859772,2354,1284,326,1336,"{'memory': None, 'steps': [('drop', FunctionTransformer()), ('replacement', SimpleImputer()), ('scaling', StandardScaler()), ('selection', FunctionTransformer()), ('samplers', SMOTETomek()), ('model', MLPClassifier())], 'verbose': False, 'drop': FunctionTransformer(), 'replacement': SimpleImputer(), 'scaling': StandardScaler(), 'selection': FunctionTransformer(), 'samplers': SMOTETomek(), 'model': MLPClassifier(), 'drop__accept_sparse': False, 'drop__check_inverse': True, 'drop__feature_names_out': None, 'drop__func': None, 'drop__inv_kw_args': None, 'drop__inverse_func': None, 'drop__kw_args': None, 'drop__validate': False, 'replacement__add_indicator': False, 'replacement__copy': True, 'replacement__fill_value': None, 'replacement__missing_values': nan, 'replacement__strategy': 'mean', 'replacement__verbose': 'deprecated', 'scaling__copy': True, 'scaling__with_mean': True, 'scaling__with_std': True, 'selection__accept_sparse': False, 'selection__check_inverse': True, 'selection__feature_names_out': None, 'selection__func': None, 'selection__inv_kw_args': None, 'selection__inverse_func': None, 'selection__kw_args': None, 'selection__validate': False, 'samplers__n_jobs': None, 'samplers__random_state': None, 'samplers__sampling_strategy': 'auto', 'samplers__smote': None, 'samplers__tomek': None, 'model__activation': 'relu', 'model__alpha': 0.0001, 'model__batch_size': 'auto', 'model__beta_1': 0.9, 'model__beta_2': 0.999, 'model__early_stopping': False, 'model__epsilon': 1e-08, 'model__hidden_layer_sizes': (100,), 'model__learning_rate': 'constant', 'model__learning_rate_init': 0.001, 'model__max_fun': 15000, 'model__max_iter': 200, 'model__momentum': 0.9, 'model__n_iter_no_change': 10, 'model__nesterovs_momentum': True, 'model__power_t': 0.5, 'model__random_state': None, 'model__shuffle': True, 'model__solver': 'adam', 'model__tol': 0.0001, 'model__validation_fraction': 0.1, 'model__verbose': False, 'model__warm_start': False}",withSampling,SMOTETomek(),
10,FunctionTransformer(),SimpleImputer(),MinMaxScaler(),FunctionTransformer(),LogisticRegression(),0.47043010752688175,0.8423586040914561,0.6037084950409659,0.6532075471698113,0.7045767731837159,2062,1576,262,1400,"{'memory': None, 'steps': [('drop', FunctionTransformer()), ('replacement', SimpleImputer()), ('scaling', MinMaxScaler()), ('selection', FunctionTransformer()), ('kus', FunctionSampler(func=<function kMeansUnderSampling at 0x7faa6cf8d6c0>,
                kw_args={'clusterMethod': <class 'sklearn_extra.cluster._k_medoids.KMedoids'>,
                         'findBest': <function highestScoreIndex at 0x7faa6cf8d3f0>,
                         'k': 2})), ('model', LogisticRegression())], 'verbose': False, 'drop': FunctionTransformer(), 'replacement': SimpleImputer(), 'scaling': MinMaxScaler(), 'selection': FunctionTransformer(), 'kus': FunctionSampler(func=<function kMeansUnderSampling at 0x7faa6cf8d6c0>,
                kw_args={'clusterMethod': <class 'sklearn_extra.cluster._k_medoids.KMedoids'>,
                         'findBest': <function highestScoreIndex at 0x7faa6cf8d3f0>,
                         'k': 2}), 'model': LogisticRegression(), 'drop__accept_sparse': False, 'drop__check_inverse': True, 'drop__feature_names_out': None, 'drop__func': None, 'drop__inv_kw_args': None, 'drop__inverse_func': None, 'drop__kw_args': None, 'drop__validate': False, 'replacement__add_indicator': False, 'replacement__copy': True, 'replacement__fill_value': None, 'replacement__missing_values': nan, 'replacement__strategy': 'mean', 'replacement__verbose': 'deprecated', 'scaling__clip': False, 'scaling__copy': True, 'scaling__feature_range': (0, 1), 'selection__accept_sparse': False, 'selection__check_inverse': True, 'selection__feature_names_out': None, 'selection__func': None, 'selection__inv_kw_args': None, 'selection__inverse_func': None, 'selection__kw_args': None, 'selection__validate': False, 'kus__accept_sparse': True, 'kus__func': <function kMeansUnderSampling at 0x7faa6cf8d6c0>, 'kus__kw_args': {'k': 2, 'findBest': <function highestScoreIndex at 0x7faa6cf8d3f0>, 'clusterMethod': <class 'sklearn_extra.cluster._k_medoids.KMedoids'>}, 'kus__validate': True, 'model__C': 1.0, 'model__class_weight': None, 'model__dual': False, 'model__fit_intercept': True, 'model__intercept_scaling': 1, 'model__l1_ratio': None, 'model__max_iter': 100, 'model__multi_class': 'auto', 'model__n_jobs': None, 'model__penalty': 'l2', 'model__random_state': None, 'model__solver': 'lbfgs', 'model__tol': 0.0001, 'model__verbose': 0, 'model__warm_start': False}",kus,,"FunctionSampler(func=<function kMeansUnderSampling at 0x7faa6cf8d6c0>,
                kw_args={'clusterMethod': <class 'sklearn_extra.cluster._k_medoids.KMedoids'>,
                         'findBest': <function highestScoreIndex at 0x7faa6cf8d3f0>,
                         'k': 2})"
11,FunctionTransformer(),SimpleImputer(),MinMaxScaler(),FunctionTransformer(),LinearSVC(),0.4704691191360108,0.838748495788207,0.6028108108108108,0.6533962264150943,0.70373378610191,2069,1569,268,1394,"{'memory': None, 'steps': [('drop', FunctionTransformer()), ('replacement', SimpleImputer()), ('scaling', MinMaxScaler()), ('selection', FunctionTransformer()), ('kus', FunctionSampler(func=<function kMeansUnderSampling at 0x7faa6cf8d6c0>,
                kw_args={'clusterMethod': <class 'sklearn_extra.cluster._k_medoids.KMedoids'>,
                         'findBest': <function highestScoreIndex at 0x7faa6cf8d3f0>,
                         'k': 2})), ('model', LinearSVC())], 'verbose': False, 'drop': FunctionTransformer(), 'replacement': SimpleImputer(), 'scaling': MinMaxScaler(), 'selection': FunctionTransformer(), 'kus': FunctionSampler(func=<function kMeansUnderSampling at 0x7faa6cf8d6c0>,
                kw_args={'clusterMethod': <class 'sklearn_extra.cluster._k_medoids.KMedoids'>,
                         'findBest': <function highestScoreIndex at 0x7faa6cf8d3f0>,
                         'k': 2}), 'model': LinearSVC(), 'drop__accept_sparse': False, 'drop__check_inverse': True, 'drop__feature_names_out': None, 'drop__func': None, 'drop__inv_kw_args': None, 'drop__inverse_func': None, 'drop__kw_args': None, 'drop__validate': False, 'replacement__add_indicator': False, 'replacement__copy': True, 'replacement__fill_value': None, 'replacement__missing_values': nan, 'replacement__strategy': 'mean', 'replacement__verbose': 'deprecated', 'scaling__clip': False, 'scaling__copy': True, 'scaling__feature_range': (0, 1), 'selection__accept_sparse': False, 'selection__check_inverse': True, 'selection__feature_names_out': None, 'selection__func': None, 'selection__inv_kw_args': None, 'selection__inverse_func': None, 'selection__kw_args': None, 'selection__validate': False, 'kus__accept_sparse': True, 'kus__func': <function kMeansUnderSampling at 0x7faa6cf8d6c0>, 'kus__kw_args': {'k': 2, 'findBest': <function highestScoreIndex at 0x7faa6cf8d3f0>, 'clusterMethod': <class 'sklearn_extra.cluster._k_medoids.KMedoids'>}, 'kus__validate': True, 'model__C': 1.0, 'model__class_weight': None, 'model__dual': True, 'model__fit_intercept': True, 'model__intercept_scaling': 1, 'model__loss': 'squared_hinge', 'model__max_iter': 1000, 'model__multi_class': 'ovr', 'model__penalty': 'l2', 'model__random_state': None, 'model__tol': 0.0001, 'model__verbose': 0}",kus,,"FunctionSampler(func=<function kMeansUnderSampling at 0x7faa6cf8d6c0>,
                kw_args={'clusterMethod': <class 'sklearn_extra.cluster._k_medoids.KMedoids'>,
                         'findBest': <function highestScoreIndex at 0x7faa6cf8d3f0>,
                         'k': 2})"
12,FunctionTransformer(),SimpleImputer(),MinMaxScaler(),FunctionTransformer(),MLPClassifier(),0.4755970924195223,0.8267148014440433,0.6038233355306526,0.6598113207547169,0.7051385991827144,2123,1515,288,1374,"{'memory': None, 'steps': [('drop', FunctionTransformer()), ('replacement', SimpleImputer()), ('scaling', MinMaxScaler()), ('selection', FunctionTransformer()), ('kus', FunctionSampler(func=<function kMeansUnderSampling at 0x7faa6cf8d6c0>,
                kw_args={'clusterMethod': <class 'sklearn_extra.cluster._k_medoids.KMedoids'>,
                         'findBest': <function highestScoreIndex at 0x7faa6cf8d3f0>,
                         'k': 2})), ('model', MLPClassifier())], 'verbose': False, 'drop': FunctionTransformer(), 'replacement': SimpleImputer(), 'scaling': MinMaxScaler(), 'selection': FunctionTransformer(), 'kus': FunctionSampler(func=<function kMeansUnderSampling at 0x7faa6cf8d6c0>,
                kw_args={'clusterMethod': <class 'sklearn_extra.cluster._k_medoids.KMedoids'>,
                         'findBest': <function highestScoreIndex at 0x7faa6cf8d3f0>,
                         'k': 2}), 'model': MLPClassifier(), 'drop__accept_sparse': False, 'drop__check_inverse': True, 'drop__feature_names_out': None, 'drop__func': None, 'drop__inv_kw_args': None, 'drop__inverse_func': None, 'drop__kw_args': None, 'drop__validate': False, 'replacement__add_indicator': False, 'replacement__copy': True, 'replacement__fill_value': None, 'replacement__missing_values': nan, 'replacement__strategy': 'mean', 'replacement__verbose': 'deprecated', 'scaling__clip': False, 'scaling__copy': True, 'scaling__feature_range': (0, 1), 'selection__accept_sparse': False, 'selection__check_inverse': True, 'selection__feature_names_out': None, 'selection__func': None, 'selection__inv_kw_args': None, 'selection__inverse_func': None, 'selection__kw_args': None, 'selection__validate': False, 'kus__accept_sparse': True, 'kus__func': <function kMeansUnderSampling at 0x7faa6cf8d6c0>, 'kus__kw_args': {'k': 2, 'findBest': <function highestScoreIndex at 0x7faa6cf8d3f0>, 'clusterMethod': <class 'sklearn_extra.cluster._k_medoids.KMedoids'>}, 'kus__validate': True, 'model__activation': 'relu', 'model__alpha': 0.0001, 'model__batch_size': 'auto', 'model__beta_1': 0.9, 'model__beta_2': 0.999, 'model__early_stopping': False, 'model__epsilon': 1e-08, 'model__hidden_layer_sizes': (100,), 'model__learning_rate': 'constant', 'model__learning_rate_init': 0.001, 'model__max_fun': 15000, 'model__max_iter': 200, 'model__momentum': 0.9, 'model__n_iter_no_change': 10, 'model__nesterovs_momentum': True, 'model__power_t': 0.5, 'model__random_state': None, 'model__shuffle': True, 'model__solver': 'adam', 'model__tol': 0.0001, 'model__validation_fraction': 0.1, 'model__verbose': False, 'model__warm_start': False}",kus,,"FunctionSampler(func=<function kMeansUnderSampling at 0x7faa6cf8d6c0>,
                kw_args={'clusterMethod': <class 'sklearn_extra.cluster._k_medoids.KMedoids'>,
                         'findBest': <function highestScoreIndex at 0x7faa6cf8d3f0>,
                         'k': 2})"
13,FunctionTransformer(),SimpleImputer(),MinMaxScaler(),FunctionTransformer(),KNeighborsClassifier(),0.49245349245349246,0.8441636582430806,0.6220350254932389,0.6783018867924528,0.7233462601275875,2192,1446,259,1403,"{'memory': None, 'steps': [('drop', FunctionTransformer()), ('replacement', SimpleImputer()), ('scaling', MinMaxScaler()), ('selection', FunctionTransformer()), ('kus', FunctionSampler(func=<function kMeansUnderSampling at 0x7faa6cf8d6c0>,
                kw_args={'clusterMethod': <class 'sklearn_extra.cluster._k_medoids.KMedoids'>,
                         'findBest': <function highestScoreIndex at 0x7faa6cf8d3f0>,
                         'k': 2})), ('model', KNeighborsClassifier())], 'verbose': False, 'drop': FunctionTransformer(), 'replacement': SimpleImputer(), 'scaling': MinMaxScaler(), 'selection': FunctionTransformer(), 'kus': FunctionSampler(func=<function kMeansUnderSampling at 0x7faa6cf8d6c0>,
                kw_args={'clusterMethod': <class 'sklearn_extra.cluster._k_medoids.KMedoids'>,
                         'findBest': <function highestScoreIndex at 0x7faa6cf8d3f0>,
                         'k': 2}), 'model': KNeighborsClassifier(), 'drop__accept_sparse': False, 'drop__check_inverse': True, 'drop__feature_names_out': None, 'drop__func': None, 'drop__inv_kw_args': None, 'drop__inverse_func': None, 'drop__kw_args': None, 'drop__validate': False, 'replacement__add_indicator': False, 'replacement__copy': True, 'replacement__fill_value': None, 'replacement__missing_values': nan, 'replacement__strategy': 'mean', 'replacement__verbose': 'deprecated', 'scaling__clip': False, 'scaling__copy': True, 'scaling__feature_range': (0, 1), 'selection__accept_sparse': False, 'selection__check_inverse': True, 'selection__feature_names_out': None, 'selection__func': None, 'selection__inv_kw_args': None, 'selection__inverse_func': None, 'selection__kw_args': None, 'selection__validate': False, 'kus__accept_sparse': True, 'kus__func': <function kMeansUnderSampling at 0x7faa6cf8d6c0>, 'kus__kw_args': {'k': 2, 'findBest': <function highestScoreIndex at 0x7faa6cf8d3f0>, 'clusterMethod': <class 'sklearn_extra.cluster._k_medoids.KMedoids'>}, 'kus__validate': True, 'model__algorithm': 'auto', 'model__leaf_size': 30, 'model__metric': 'minkowski', 'model__metric_params': None, 'model__n_jobs': None, 'model__n_neighbors': 5, 'model__p': 2, 'model__weights': 'uniform'}",kus,,"FunctionSampler(func=<function kMeansUnderSampling at 0x7faa6cf8d6c0>,
                kw_args={'clusterMethod': <class 'sklearn_extra.cluster._k_medoids.KMedoids'>,
                         'findBest': <function highestScoreIndex at 0x7faa6cf8d3f0>,
                         'k': 2})"
14,FunctionTransformer(),SimpleImputer(),MinMaxScaler(),FunctionTransformer(),RandomForestClassifier(random_state=42),0.5232080833596463,0.9969915764139591,0.6862704493683992,0.7141509433962264,0.7909641774318285,2128,1510,5,1657,"{'memory': None, 'steps': [('drop', FunctionTransformer()), ('replacement', SimpleImputer()), ('scaling', MinMaxScaler()), ('selection', FunctionTransformer()), ('kus', FunctionSampler(func=<function kMeansUnderSampling at 0x7faa6cf8d6c0>,
                kw_args={'clusterMethod': <class 'sklearn_extra.cluster._k_medoids.KMedoids'>,
                         'findBest': <function highestScoreIndex at 0x7faa6cf8d3f0>,
                         'k': 2})), ('model', RandomForestClassifier(random_state=42))], 'verbose': False, 'drop': FunctionTransformer(), 'replacement': SimpleImputer(), 'scaling': MinMaxScaler(), 'selection': FunctionTransformer(), 'kus': FunctionSampler(func=<function kMeansUnderSampling at 0x7faa6cf8d6c0>,
                kw_args={'clusterMethod': <class 'sklearn_extra.cluster._k_medoids.KMedoids'>,
                         'findBest': <function highestScoreIndex at 0x7faa6cf8d3f0>,
                         'k': 2}), 'model': RandomForestClassifier(random_state=42), 'drop__accept_sparse': False, 'drop__check_inverse': True, 'drop__feature_names_out': None, 'drop__func': None, 'drop__inv_kw_args': None, 'drop__inverse_func': None, 'drop__kw_args': None, 'drop__validate': False, 'replacement__add_indicator': False, 'replacement__copy': True, 'replacement__fill_value': None, 'replacement__missing_values': nan, 'replacement__strategy': 'mean', 'replacement__verbose': 'deprecated', 'scaling__clip': False, 'scaling__copy': True, 'scaling__feature_range': (0, 1), 'selection__accept_sparse': False, 'selection__check_inverse': True, 'selection__feature_names_out': None, 'selection__func': None, 'selection__inv_kw_args': None, 'selection__inverse_func': None, 'selection__kw_args': None, 'selection__validate': False, 'kus__accept_sparse': True, 'kus__func': <function kMeansUnderSampling at 0x7faa6cf8d6c0>, 'kus__kw_args': {'k': 2, 'findBest': <function highestScoreIndex at 0x7faa6cf8d3f0>, 'clusterMethod': <class 'sklearn_extra.cluster._k_medoids.KMedoids'>}, 'kus__validate': True, 'model__bootstrap': True, 'model__ccp_alpha': 0.0, 'model__class_weight': None, 'model__criterion': 'gini', 'model__max_depth': None, 'model__max_features': 'sqrt', 'model__max_leaf_nodes': None, 'model__max_samples': None, 'model__min_impurity_decrease': 0.0, 'model__min_samples_leaf': 1, 'model__min_samples_split': 2, 'model__min_weight_fraction_leaf': 0.0, 'model__n_estimators': 100, 'model__n_jobs': None, 'model__oob_score': False, 'model__random_state': 42, 'model__verbose': 0, 'model__warm_start': False}",kus,,"FunctionSampler(func=<function kMeansUnderSampling at 0x7faa6cf8d6c0>,
                kw_args={'clusterMethod': <class 'sklearn_extra.cluster._k_medoids.KMedoids'>,
                         'findBest': <function highestScoreIndex at 0x7faa6cf8d3f0>,
                         'k': 2})"
15,FunctionTransformer(),SimpleImputer(),MinMaxScaler(),FunctionTransformer(),MLPClassifier(),0.47165300546448086,0.8309265944645006,0.6017429193899783,0.6550943396226415,0.7028464748023437,2091,1547,281,1381,"{'memory': None, 'steps': [('drop', FunctionTransformer()), ('replacement', SimpleImputer()), ('scaling', MinMaxScaler()), ('selection', FunctionTransformer()), ('kus', FunctionSampler(func=<function kMeansUnderSampling at 0x7faa6cf8d6c0>,
                kw_args={'clusterMethod': <class 'sklearn_extra.cluster._k_medoids.KMedoids'>,
                         'findBest': <function highestScoreIndex at 0x7faa6cf8d3f0>,
                         'k': 2})), ('samplers', SMOTEENN()), ('model', MLPClassifier())], 'verbose': False, 'drop': FunctionTransformer(), 'replacement': SimpleImputer(), 'scaling': MinMaxScaler(), 'selection': FunctionTransformer(), 'kus': FunctionSampler(func=<function kMeansUnderSampling at 0x7faa6cf8d6c0>,
                kw_args={'clusterMethod': <class 'sklearn_extra.cluster._k_medoids.KMedoids'>,
                         'findBest': <function highestScoreIndex at 0x7faa6cf8d3f0>,
                         'k': 2}), 'samplers': SMOTEENN(), 'model': MLPClassifier(), 'drop__accept_sparse': False, 'drop__check_inverse': True, 'drop__feature_names_out': None, 'drop__func': None, 'drop__inv_kw_args': None, 'drop__inverse_func': None, 'drop__kw_args': None, 'drop__validate': False, 'replacement__add_indicator': False, 'replacement__copy': True, 'replacement__fill_value': None, 'replacement__missing_values': nan, 'replacement__strategy': 'mean', 'replacement__verbose': 'deprecated', 'scaling__clip': False, 'scaling__copy': True, 'scaling__feature_range': (0, 1), 'selection__accept_sparse': False, 'selection__check_inverse': True, 'selection__feature_names_out': None, 'selection__func': None, 'selection__inv_kw_args': None, 'selection__inverse_func': None, 'selection__kw_args': None, 'selection__validate': False, 'kus__accept_sparse': True, 'kus__func': <function kMeansUnderSampling at 0x7faa6cf8d6c0>, 'kus__kw_args': {'k': 2, 'findBest': <function highestScoreIndex at 0x7faa6cf8d3f0>, 'clusterMethod': <class 'sklearn_extra.cluster._k_medoids.KMedoids'>}, 'kus__validate': True, 'samplers__enn': None, 'samplers__n_jobs': None, 'samplers__random_state': None, 'samplers__sampling_strategy': 'auto', 'samplers__smote': None, 'model__activation': 'relu', 'model__alpha': 0.0001, 'model__batch_size': 'auto', 'model__beta_1': 0.9, 'model__beta_2': 0.999, 'model__early_stopping': False, 'model__epsilon': 1e-08, 'model__hidden_layer_sizes': (100,), 'model__learning_rate': 'constant', 'model__learning_rate_init': 0.001, 'model__max_fun': 15000, 'model__max_iter': 200, 'model__momentum': 0.9, 'model__n_iter_no_change': 10, 'model__nesterovs_momentum': True, 'model__power_t': 0.5, 'model__random_state': None, 'model__shuffle': True, 'model__solver': 'adam', 'model__tol': 0.0001, 'model__validation_fraction': 0.1, 'model__verbose': False, 'model__warm_start': False}",kusWithSampling,SMOTEENN(),"FunctionSampler(func=<function kMeansUnderSampling at 0x7faa6cf8d6c0>,
                kw_args={'clusterMethod': <class 'sklearn_extra.cluster._k_medoids.KMedoids'>,
                         'findBest': <function highestScoreIndex at 0x7faa6cf8d3f0>,
                         'k': 2})"
16,FunctionTransformer(),SimpleImputer(),MinMaxScaler(),FunctionTransformer(),LogisticRegression(),0.4627349319507453,0.8592057761732852,0.6015164279696714,0.6430188679245283,0.70173043069247,1980,1658,234,1428,"{'memory': None, 'steps': [('drop', FunctionTransformer()), ('replacement', SimpleImputer()), ('scaling', MinMaxScaler()), ('selection', FunctionTransformer()), ('kus', FunctionSampler(func=<function kMeansUnderSampling at 0x7faa6cf8d6c0>,
                kw_args={'clusterMethod': <class 'sklearn_extra.cluster._k_medoids.KMedoids'>,
                         'findBest': <function highestScoreIndex at 0x7faa6cf8d3f0>,
                         'k': 2})), ('samplers', RandomOverSampler()), ('model', LogisticRegression())], 'verbose': False, 'drop': FunctionTransformer(), 'replacement': SimpleImputer(), 'scaling': MinMaxScaler(), 'selection': FunctionTransformer(), 'kus': FunctionSampler(func=<function kMeansUnderSampling at 0x7faa6cf8d6c0>,
                kw_args={'clusterMethod': <class 'sklearn_extra.cluster._k_medoids.KMedoids'>,
                         'findBest': <function highestScoreIndex at 0x7faa6cf8d3f0>,
                         'k': 2}), 'samplers': RandomOverSampler(), 'model': LogisticRegression(), 'drop__accept_sparse': False, 'drop__check_inverse': True, 'drop__feature_names_out': None, 'drop__func': None, 'drop__inv_kw_args': None, 'drop__inverse_func': None, 'drop__kw_args': None, 'drop__validate': False, 'replacement__add_indicator': False, 'replacement__copy': True, 'replacement__fill_value': None, 'replacement__missing_values': nan, 'replacement__strategy': 'mean', 'replacement__verbose': 'deprecated', 'scaling__clip': False, 'scaling__copy': True, 'scaling__feature_range': (0, 1), 'selection__accept_sparse': False, 'selection__check_inverse': True, 'selection__feature_names_out': None, 'selection__func': None, 'selection__inv_kw_args': None, 'selection__inverse_func': None, 'selection__kw_args': None, 'selection__validate': False, 'kus__accept_sparse': True, 'kus__func': <function kMeansUnderSampling at 0x7faa6cf8d6c0>, 'kus__kw_args': {'k': 2, 'findBest': <function highestScoreIndex at 0x7faa6cf8d3f0>, 'clusterMethod': <class 'sklearn_extra.cluster._k_medoids.KMedoids'>}, 'kus__validate': True, 'samplers__random_state': None, 'samplers__sampling_strategy': 'auto', 'samplers__shrinkage': None, 'model__C': 1.0, 'model__class_weight': None, 'model__dual': False, 'model__fit_intercept': True, 'model__intercept_scaling': 1, 'model__l1_ratio': None, 'model__max_iter': 100, 'model__multi_class': 'auto', 'model__n_jobs': None, 'model__penalty': 'l2', 'model__random_state': None, 'model__solver': 'lbfgs', 'model__tol': 0.0001, 'model__verbose': 0, 'model__warm_start': False}",kusWithSampling,RandomOverSampler(),"FunctionSampler(func=<function kMeansUnderSampling at 0x7faa6cf8d6c0>,
                kw_args={'clusterMethod': <class 'sklearn_extra.cluster._k_medoids.KMedoids'>,
                         'findBest': <function highestScoreIndex at 0x7faa6cf8d3f0>,
                         'k': 2})"
17,FunctionTransformer(),SimpleImputer(),MinMaxScaler(),FunctionTransformer(),LinearSVC(),0.47212663454920856,0.825511432009627,0.6007005253940456,0.6558490566037736,0.7019255895617129,2104,1534,290,1372,"{'memory': None, 'steps': [('drop', FunctionTransformer()), ('replacement', SimpleImputer()), ('scaling', MinMaxScaler()), ('selection', FunctionTransformer()), ('kus', FunctionSampler(func=<function kMeansUnderSampling at 0x7faa6cf8d6c0>,
                kw_args={'clusterMethod': <class 'sklearn_extra.cluster._k_medoids.KMedoids'>,
                         'findBest': <function highestScoreIndex at 0x7faa6cf8d3f0>,
                         'k': 2})), ('samplers', SMOTEENN()), ('model', LinearSVC())], 'verbose': False, 'drop': FunctionTransformer(), 'replacement': SimpleImputer(), 'scaling': MinMaxScaler(), 'selection': FunctionTransformer(), 'kus': FunctionSampler(func=<function kMeansUnderSampling at 0x7faa6cf8d6c0>,
                kw_args={'clusterMethod': <class 'sklearn_extra.cluster._k_medoids.KMedoids'>,
                         'findBest': <function highestScoreIndex at 0x7faa6cf8d3f0>,
                         'k': 2}), 'samplers': SMOTEENN(), 'model': LinearSVC(), 'drop__accept_sparse': False, 'drop__check_inverse': True, 'drop__feature_names_out': None, 'drop__func': None, 'drop__inv_kw_args': None, 'drop__inverse_func': None, 'drop__kw_args': None, 'drop__validate': False, 'replacement__add_indicator': False, 'replacement__copy': True, 'replacement__fill_value': None, 'replacement__missing_values': nan, 'replacement__strategy': 'mean', 'replacement__verbose': 'deprecated', 'scaling__clip': False, 'scaling__copy': True, 'scaling__feature_range': (0, 1), 'selection__accept_sparse': False, 'selection__check_inverse': True, 'selection__feature_names_out': None, 'selection__func': None, 'selection__inv_kw_args': None, 'selection__inverse_func': None, 'selection__kw_args': None, 'selection__validate': False, 'kus__accept_sparse': True, 'kus__func': <function kMeansUnderSampling at 0x7faa6cf8d6c0>, 'kus__kw_args': {'k': 2, 'findBest': <function highestScoreIndex at 0x7faa6cf8d3f0>, 'clusterMethod': <class 'sklearn_extra.cluster._k_medoids.KMedoids'>}, 'kus__validate': True, 'samplers__enn': None, 'samplers__n_jobs': None, 'samplers__random_state': None, 'samplers__sampling_strategy': 'auto', 'samplers__smote': None, 'model__C': 1.0, 'model__class_weight': None, 'model__dual': True, 'model__fit_intercept': True, 'model__intercept_scaling': 1, 'model__loss': 'squared_hinge', 'model__max_iter': 1000, 'model__multi_class': 'ovr', 'model__penalty': 'l2', 'model__random_state': None, 'model__tol': 0.0001, 'model__verbose': 0}",kusWithSampling,SMOTEENN(),"FunctionSampler(func=<function kMeansUnderSampling at 0x7faa6cf8d6c0>,
                kw_args={'clusterMethod': <class 'sklearn_extra.cluster._k_medoids.KMedoids'>,
                         'findBest': <function highestScoreIndex at 0x7faa6cf8d3f0>,
                         'k': 2})"
18,FunctionTransformer(),SimpleImputer(),MinMaxScaler(),FunctionTransformer(),LinearSVC(),0.4646924829157175,0.8592057761732852,0.603167898627244,0.6454716981132076,0.7035171266792759,1993,1645,234,1428,"{'memory': None, 'steps': [('drop', FunctionTransformer()), ('replacement', SimpleImputer()), ('scaling', MinMaxScaler()), ('selection', FunctionTransformer()), ('kus', FunctionSampler(func=<function kMeansUnderSampling at 0x7faa6cf8d6c0>,
                kw_args={'clusterMethod': <class 'sklearn_extra.cluster._k_medoids.KMedoids'>,
                         'findBest': <function highestScoreIndex at 0x7faa6cf8d3f0>,
                         'k': 2})), ('samplers', RandomUnderSampler()), ('model', LinearSVC())], 'verbose': False, 'drop': FunctionTransformer(), 'replacement': SimpleImputer(), 'scaling': MinMaxScaler(), 'selection': FunctionTransformer(), 'kus': FunctionSampler(func=<function kMeansUnderSampling at 0x7faa6cf8d6c0>,
                kw_args={'clusterMethod': <class 'sklearn_extra.cluster._k_medoids.KMedoids'>,
                         'findBest': <function highestScoreIndex at 0x7faa6cf8d3f0>,
                         'k': 2}), 'samplers': RandomUnderSampler(), 'model': LinearSVC(), 'drop__accept_sparse': False, 'drop__check_inverse': True, 'drop__feature_names_out': None, 'drop__func': None, 'drop__inv_kw_args': None, 'drop__inverse_func': None, 'drop__kw_args': None, 'drop__validate': False, 'replacement__add_indicator': False, 'replacement__copy': True, 'replacement__fill_value': None, 'replacement__missing_values': nan, 'replacement__strategy': 'mean', 'replacement__verbose': 'deprecated', 'scaling__clip': False, 'scaling__copy': True, 'scaling__feature_range': (0, 1), 'selection__accept_sparse': False, 'selection__check_inverse': True, 'selection__feature_names_out': None, 'selection__func': None, 'selection__inv_kw_args': None, 'selection__inverse_func': None, 'selection__kw_args': None, 'selection__validate': False, 'kus__accept_sparse': True, 'kus__func': <function kMeansUnderSampling at 0x7faa6cf8d6c0>, 'kus__kw_args': {'k': 2, 'findBest': <function highestScoreIndex at 0x7faa6cf8d3f0>, 'clusterMethod': <class 'sklearn_extra.cluster._k_medoids.KMedoids'>}, 'kus__validate': True, 'samplers__random_state': None, 'samplers__replacement': False, 'samplers__sampling_strategy': 'auto', 'model__C': 1.0, 'model__class_weight': None, 'model__dual': True, 'model__fit_intercept': True, 'model__intercept_scaling': 1, 'model__loss': 'squared_hinge', 'model__max_iter': 1000, 'model__multi_class': 'ovr', 'model__penalty': 'l2', 'model__random_state': None, 'model__tol': 0.0001, 'model__verbose': 0}",kusWithSampling,RandomUnderSampler(),"FunctionSampler(func=<function kMeansUnderSampling at 0x7faa6cf8d6c0>,
                kw_args={'clusterMethod': <class 'sklearn_extra.cluster._k_medoids.KMedoids'>,
                         'findBest': <function highestScoreIndex at 0x7faa6cf8d3f0>,
                         'k': 2})"
19,FunctionTransformer(),SimpleImputer(),MinMaxScaler(),FunctionTransformer(),LogisticRegression(),0.4645873944119558,0.8604091456077015,0.6033755274261604,0.6452830188679245,0.7037064969379905,1990,1648,232,1430,"{'memory': None, 'steps': [('drop', FunctionTransformer()), ('replacement', SimpleImputer()), ('scaling', MinMaxScaler()), ('selection', FunctionTransformer()), ('kus', FunctionSampler(func=<function kMeansUnderSampling at 0x7faa6cf8d6c0>,
                kw_args={'clusterMethod': <class 'sklearn_extra.cluster._k_medoids.KMedoids'>,
                         'findBest': <function highestScoreIndex at 0x7faa6cf8d3f0>,
                         'k': 2})), ('samplers', SMOTE()), ('model', LogisticRegression())], 'verbose': False, 'drop': FunctionTransformer(), 'replacement': SimpleImputer(), 'scaling': MinMaxScaler(), 'selection': FunctionTransformer(), 'kus': FunctionSampler(func=<function kMeansUnderSampling at 0x7faa6cf8d6c0>,
                kw_args={'clusterMethod': <class 'sklearn_extra.cluster._k_medoids.KMedoids'>,
                         'findBest': <function highestScoreIndex at 0x7faa6cf8d3f0>,
                         'k': 2}), 'samplers': SMOTE(), 'model': LogisticRegression(), 'drop__accept_sparse': False, 'drop__check_inverse': True, 'drop__feature_names_out': None, 'drop__func': None, 'drop__inv_kw_args': None, 'drop__inverse_func': None, 'drop__kw_args': None, 'drop__validate': False, 'replacement__add_indicator': False, 'replacement__copy': True, 'replacement__fill_value': None, 'replacement__missing_values': nan, 'replacement__strategy': 'mean', 'replacement__verbose': 'deprecated', 'scaling__clip': False, 'scaling__copy': True, 'scaling__feature_range': (0, 1), 'selection__accept_sparse': False, 'selection__check_inverse': True, 'selection__feature_names_out': None, 'selection__func': None, 'selection__inv_kw_args': None, 'selection__inverse_func': None, 'selection__kw_args': None, 'selection__validate': False, 'kus__accept_sparse': True, 'kus__func': <function kMeansUnderSampling at 0x7faa6cf8d6c0>, 'kus__kw_args': {'k': 2, 'findBest': <function highestScoreIndex at 0x7faa6cf8d3f0>, 'clusterMethod': <class 'sklearn_extra.cluster._k_medoids.KMedoids'>}, 'kus__validate': True, 'samplers__k_neighbors': 5, 'samplers__n_jobs': None, 'samplers__random_state': None, 'samplers__sampling_strategy': 'auto', 'model__C': 1.0, 'model__class_weight': None, 'model__dual': False, 'model__fit_intercept': True, 'model__intercept_scaling': 1, 'model__l1_ratio': None, 'model__max_iter': 100, 'model__multi_class': 'auto', 'model__n_jobs': None, 'model__penalty': 'l2', 'model__random_state': None, 'model__solver': 'lbfgs', 'model__tol': 0.0001, 'model__verbose': 0, 'model__warm_start': False}",kusWithSampling,SMOTE(),"FunctionSampler(func=<function kMeansUnderSampling at 0x7faa6cf8d6c0>,
                kw_args={'clusterMethod': <class 'sklearn_extra.cluster._k_medoids.KMedoids'>,
                         'findBest': <function highestScoreIndex at 0x7faa6cf8d3f0>,
                         'k': 2})"
